Time Started,Date Submitted,Which developer role do you currently fulfill?,Which developer role do you currently fulfill?: Comments,"Please provide a few comments regarding the nature of your efforts for the project according to: regularity and duration of project involvement, 	participation in online discussions, 	submission of patches, and 	project responsibilities. ",Do you have any further comments regarding the classification of core/peripheral developers?,What are the general characteristics of developer roles in the open-source community?,What do you think regarding the practical importance of recognizing/monitoring which developers fulfill which roles?,Do you have any comments regarding this survey?,
2016-02-01 08:17:51,2016-02-01 08:18:05,,,,,,,,
2016-02-01 08:18:00,2016-02-01 08:18:31,,,,,,,,
2016-02-01 08:22:28,2016-02-01 08:26:06,Peripheral developer,,"An occasional commiter. A commit a month, or so. Participate in mailing list and issue tracker discussions.",,,,,
2016-02-01 08:34:46,2016-02-01 08:38:08,Peripheral developer,,I read over the mailing list. Occasionally participate in list discussions. Occasionally make PR to personally interesting tickets.,,,,,
2016-02-01 08:36:16,2016-02-01 08:36:26,,,,,,,,
2016-02-01 08:41:39,2016-02-01 08:55:58,Peripheral developer,,Patches in [PROJECT NAME] project removes different hacks from my company projects that's why I submit them from time to time.,,,,,
2016-02-01 08:49:47,2016-02-01 08:50:02,,,,,,,,
2016-02-01 08:51:37,2016-02-01 08:53:59,Peripheral developer,,,,,,,
2016-02-01 08:51:48,2016-02-01 08:52:05,,,,,,,,
2016-02-01 08:53:13,2016-02-01 08:54:51,,,,,,,,
2016-02-01 08:55:12,2016-02-01 08:55:14,,,,,,,,
2016-02-01 08:55:20,2016-02-01 08:57:14,Peripheral developer,,,,,,,
2016-02-01 08:57:32,2016-02-01 09:02:49,Peripheral developer,,rarely involved. online discussion: only to address an issue that's important to me. submission of patches: yep. responsibilities: none.,No.,"I guess there are often a few people driving the project and doing most of the work, while there are others, that contribute patches from the ""real-world"".","Not a whole lot, to be honest. Once you took a look at the mailing list archive or the commit logs for a particular project, you know immediately, who's actively working on the project and who's not.",,
2016-02-01 09:03:09,2016-02-01 09:11:33,Peripheral developer,,"read up on issues on mailinglist, tracker when i encounter them, submit patches when necessary. participate in sprints at conferences.",,"being paid for doing open source core tasks or doing core tasks completely for free; producing code, documentation, organizational tasks: equally important, but very different skillsets required",important for onboarding new contributors,,
2016-02-01 09:04:02,2016-02-01 09:05:15,,,,,,,,
2016-02-01 09:10:05,2016-02-01 09:10:09,,,,,,,,
2016-02-01 09:09:49,2016-02-01 09:13:12,Peripheral developer,,"Patches, bugfixes, typos fixes",,,,,
2016-02-01 09:11:58,2016-02-01 09:13:13,Peripheral developer,,,,,,,
2016-02-01 09:18:22,2016-02-01 09:22:48,Peripheral developer,,"I submit a patch now and then, rather rarely. I communicate quite a bit with other developers on IRC.",,,,,
2016-02-01 09:20:39,2016-02-01 09:22:53,Peripheral developer,,Submission of patches to fix own issues with use of the libraries.,,,,,
2016-02-01 09:20:45,2016-02-01 09:31:15,Peripheral developer,"Long-Term contributor maintaining a range of features, but not overly involved with project leadership.","Maintaining a few encoders/filters, constant involvement about these, participation on project and feature related discussions, irregular patch submission because of work.",,"It's more diverse than just these two categories. There are project leaders which are not/no longer overly involved with development themselves(for examples [DEVELOPER NAME]), while others are still actively contributing a lot of code([DEVELOPER NAME], former [PROJECT NAME] leader).","While it is of course important to know whom to address with important matters regarding a project, I think everything beyond that isn't overly important.",,
2016-02-01 09:24:40,2016-02-01 09:24:55,,,,,,,,
2016-02-01 09:38:15,2016-02-01 09:39:02,Peripheral developer,,,,,,,
2016-02-01 09:39:00,2016-02-01 09:44:29,Peripheral developer,,I've just submitted a few patches that had an effect on the downstream software I contribute to maintain [SUBSYSTEM NAME].  I occasionally read the mailing listing (especially on topics that interest me). ,,,,,
2016-02-01 09:40:05,2016-02-01 09:40:11,,,,,,,,
2016-02-01 09:40:13,2016-02-01 09:40:53,Peripheral developer,,JavaScript security fixes features/bugfixes documentation typos,,,,,
2016-02-01 09:40:25,2016-02-01 09:43:55,Peripheral developer,,occasional patch as [SPECIFIC] package maintainer,,,,,
2016-02-01 09:45:02,2016-02-01 09:45:07,,,,,,,,
2016-02-01 09:46:17,2016-02-01 09:49:05,Peripheral developer,,Have been filing bug reports and submitting patches for about half a year.,,,,,
2016-02-01 10:07:08,2016-02-01 10:07:41,,,,,,,,
2016-02-01 10:12:47,2016-02-01 10:13:05,,,,,,,,
2016-02-01 10:18:48,2016-02-01 10:28:19,Peripheral developer,,I have no responsibilities. I contribute patches where I encounter a need in my own projects. I don't participate in many discussions outside of my own patches/tickets.,,"There is a clear line between core and non-core developers of a project (or whatever terminology you choose to give): core developers have commit access. Other than that I think in open source roles are pretty fluid - a particular person's contribution will drift up and down according to their free time, current projects and interest.",I think knowing which voices in a discussion officially represent a project can be helpful for other contributors.,"I think your introductory email should have included more introduction, and made clear upfront that you are not associated with the [PROJECT NAME]  project.",
2016-02-01 10:28:05,2016-02-01 11:00:56,Core developer,Development of an alternative database storage backend by cloud and development tools for writing integration apps in [PROJECT NAME] for that [SYSTEM NAME] system (Salesforce).,Two and half years of development. Upgrades to new [PROJECT NAME] versions and implementation of the most important new [PROJECT NAME] features require every approximately one half of the value of the project. Now I am the main developer of the project.,,,,,
2016-02-01 11:24:52,2016-02-01 11:56:57,Peripheral developer,,,,,,,
2016-02-01 13:11:26,2016-02-01 13:11:52,Not sure,,,,,,,
2016-02-01 14:57:44,2016-02-01 15:02:02,Peripheral developer,,Very distant. I just read the commit in master. follow the developer mailing list. And contribute sporadically.,,,,,
2016-02-01 15:24:09,2016-02-01 15:25:02,Peripheral developer,,- submission of patches,,,,,
2016-02-01 21:38:41,2016-02-01 21:43:21,Peripheral developer,,Only updated the [SUBSYSTEM NAME] implementation to be more complete. No other participation,"Some developers might have in-depth knowledge of the codebase as well as regularly inspect patches, but don't often contribute directly themselves, which doesn't really fit into either category",,,,
2016-02-02 03:12:37,2016-02-02 03:13:01,,,,,,,,
2016-02-02 06:20:21,2016-02-02 06:28:38,Peripheral developer,,I fix a few bugs or implement new features I want to see in the next version. I regularly participate in discussions via mailing list / IRC / github comments. I don't have any responsibilities.,,,,,
2016-02-02 09:16:42,2016-02-02 11:53:22,Peripheral developer,,I'm maintaining a small part of the project. I usually submit less than one patch a month and don't participate in discussions unless related to what I maintain.,,To me it seems that there is usually a single person or a small group who are involved with the project daily and make the most important decisions. Then there are some developers who regularly work on some part of the project and the rest have only submitted a few small patches.,I haven't thought about that.,,
2016-02-01 15:47:47,2016-02-02 09:59:27,Peripheral developer,,Bugfixing or smaller feature development when needed,,,,,
2016-02-02 23:55:26,2016-02-02 23:57:37,Peripheral developer,,1. Duration: 4-5 days maximum for one bug 2. Frequent Participation on [PROJECT NAME]-developers google group 3. Mainly bug fixes ,,,,,
2016-02-02 23:57:50,2016-02-03 00:01:59,Peripheral developer,,1. Duration: about 10 months by now. Highly irregular 2. Frequent participant on google group [PROJECT NAME]-developers 3. Mainly bug fixes. Some are picked from already filed bugs. Some are self reported 4. Currently bug fixes. Will involve adding new features in future,"In my opinion, most of the developer on [PROJECT NAME] are pretty new. I know only few old developers like [2 DEVELOPER NAMES] etc",Bug reports and patches,Some developers have strong knowledge in a particular field. This can be utilized by assigning roles to developers.,,
2016-02-03 12:55:34,2016-02-03 13:02:57,Peripheral developer,,"4.5 years contributing to project. Contributions fluctuate in quantity. I participate mostly in discussion of my own patches, other people's closely related patches, and a few other topics I get pulled into. I contribute patches and testing to the project.",It would be helpful if the survey defined the meaning of these terms. Reality also isn't binary.,,,,
2016-02-03 12:56:05,2016-02-03 12:56:35,Peripheral developer,,,,,,,
2016-02-03 12:57:07,2016-02-03 12:58:50,Peripheral developer,,,,,,,
2016-02-03 13:10:24,2016-02-03 13:33:15,Peripheral developer,Support of [SPECIFIC HARDWARE] SoC in [PROJECT NAME],"* involved in irregular [PROJECT NAME] development since 2010 * submitted [SPECIFIC HARDWARE] support, several drivers, clean-up patches. * review and testing of the changes related to [SPECIFIC HARDWARE] architecture support",No.,"* Regularity of contribution * Assistance to other developers * Cross domain technical knowledge and expertise vs. narrow specialization * Founders vs followers of project maintenance policies * New feature contributors, working on code refactory and generalization, working on bug fixing",It might be helpful for successful project maintenance.,No,
2016-02-03 13:14:29,2016-02-03 13:14:40,,,,,,,,
2016-02-03 13:16:24,2016-02-03 13:19:15,Peripheral developer,,"Wanted to get involved with open source development, and decided to contribute to a project that I knew of and liked. ",,,,,
2016-02-03 13:16:44,2016-02-03 13:23:43,Core developer,,"I am employed full-time to work on [PROJECT NAME], and interact with other contributors daily, in every sort of role.",,"I'm not sure I understand this question, but I do think there's a big difference between projects that underly commercial products (like Chromium and Chrome and Opera), products that are depended on by professions (like llvm, linux, and git), and then random free open source projects.","I don't think it's very important at all, apart from being aware of who has a stronger track record of knowing what they're doing.",,
2016-02-03 13:17:20,2016-02-03 13:17:50,,,,,,,,
2016-02-03 13:17:41,2016-02-03 13:18:20,,,,,,,,
2016-02-03 13:19:34,2016-02-03 13:19:58,,,,,,,,
2016-02-03 13:12:15,2016-02-03 13:39:16,Peripheral developer,,regularity and duration of project involvement - 4-5 months participation in online discussions - IRC Channels & mailing lists  submission of patches - yes via mailing list  project responsibilities – [SPECIFIC HARDWARE] support in  [PROJECT VERSION] ,NO,The developer should be patient and interactive ready to share his knowledge and skills with the community.,It helps in knowing the weak and strong points f the project as to what are its immediate needs,NO,
2016-02-03 13:26:03,2016-02-03 13:33:21,Core developer,,,,salary man supported by big company,"by code, discussion in ML and review, presentation in [SPECIFIC]",,
2016-02-03 13:27:27,2016-02-03 13:32:18,Peripheral developer,graphics,everyday mostly in online just submit and ask review graphics on behalf of Intel,,,,,
2016-02-03 13:29:38,2016-02-03 13:35:52,Not sure,,We have a system on module based on a [SPECIFIC HARDWARE].  Development was loosely based on the [SPECIFIC HARDWARE].  My involvement has been to attempt to maintain mainstream support for [PROJECT NAME] as the original developers on this project have moved on to other projects.,-,Huh?,"Important for owner of large project, not important for anyone else.","Only ask active members, not casual users.",
2016-02-03 13:30:10,2016-02-03 13:30:25,,More user than developer!,"* regularity and duration of project involvement: only once or twice, when I needed a change for myself * participation in online discussions: none * submission of patches: shared those that I made for myself * project responsibilities: none",,,,,
2016-02-03 13:38:20,2016-02-03 13:38:28,,,,,,,,
2016-02-03 13:40:06,2016-02-03 13:40:27,,,,,,,,
2016-02-03 13:43:14,2016-02-03 13:43:20,,,,,,,,
2016-02-03 13:43:36,2016-02-03 13:50:18,Not sure,,,nop,maintain a constant development,,,
2016-02-03 13:50:22,2016-02-03 13:50:46,,only added my own board,"2 months, 1discussion, 1 patchset, board maintainer",,,,,
2016-02-03 13:50:57,2016-02-03 13:52:07,Peripheral developer,,,,,,,
2016-02-03 14:00:59,2016-02-03 14:08:21,Not sure,,,what's a peripheral developer?,I have no idea.,It is important to know the roles in order to be able to determine which person to talk to / ask when it comes to concrete matters at hand.,I seems to be constructed in a rather confusing manner.,
2016-02-03 14:01:49,2016-02-03 14:02:23,,,"Just trying to help whenever and however I can, despite my lack of knowledge and skills.",,,,,
2016-02-03 14:05:32,2016-02-03 14:06:31,Core developer,,,,,,,
2016-02-03 14:05:43,2016-02-03 14:06:00,,,,,,,,
2016-02-03 14:06:26,2016-02-03 14:06:33,,,,,,,,
2016-02-03 14:06:26,2016-02-03 14:06:55,Core developer,,,,,,,
2016-02-03 14:06:11,2016-02-03 14:51:24,Peripheral developer,,,No,,Might be important for recruiting organizations.,"One suggested developer didn't send patches/mails to the mailing lists, it seems. There were two errors in the suggested developers list.",
2016-02-03 14:08:36,2016-02-03 14:08:38,,,"Reviewing and merging patches during [PROJECT SPECIFIC TERM], applying bugfix patches. Hardly participating in online discussions. Submitting own patches or rebased patches from other developers. Maintaining a subsystem and updating the patch status on patchwork.",,,,,
2016-02-03 14:09:23,2016-02-03 14:09:33,,,,,,,,
2016-02-03 14:09:41,2016-02-03 14:23:50,Not sure,,,,,,Its weird - I do not really get a comfortable with the questions.,
2016-02-03 13:02:18,2016-02-03 14:11:16,,"Mostly user, only minor bugfixes.","Working with the project at work and thus trying to mainline our own products. While using, examining existing behavious and mainly using it as it. So using the project it very often, but only submit patches very inregularly. Not responsible at the project.",,,,,
2016-02-03 14:13:35,2016-02-03 14:19:21,Core developer,,,No,"Not sure what you're asking here. ""characteristics of roles""?","Useful only in finding code reviewers for areas of the code you are not familiar with. But we have other mechanisms for doing that (git blame, OWNERs files)",No,
2016-02-03 14:14:39,2016-02-03 14:15:36,,,"Daily involvement in code and test changes, weekly involvement in design discussions and project management discussions, daily bug triage, daily reviewing of others code",,,,,
2016-02-03 14:15:44,2016-02-03 14:16:17,,,,,,,,
2016-02-03 14:17:31,2016-02-03 14:20:58,,,,,,,,
2016-02-03 14:22:33,2016-02-03 14:22:49,,,,,,,,
2016-02-03 14:26:19,2016-02-03 14:27:40,Peripheral developer,,,,,,,
2016-02-03 14:27:01,2016-02-03 14:27:43,,,,,,,,
2016-02-03 14:29:54,2016-02-03 14:41:36,Not sure,,,,,"I'm not sure, I hope this survey can shed some light over this.",,
2016-02-03 14:31:13,2016-02-03 14:31:53,,"I'm an exporadic developer, when I have time I contribute. Sometimes that means daily sometimes once a month.","I have been contributing since 2011. I don't really participate in discussions because I consider myself unexperienced to help in most of the matters. In this 5 years of contribution I contributed with almost 400 patches. The project is very big and most responsibilities are divided into DLL files, the one I'm most used to is [DLL NAME] (related to [SYSTEM NAME]).",,,,,
2016-02-03 14:32:02,2016-02-03 14:36:09,Not sure,,,,,,,
2016-02-03 14:35:29,2016-02-03 14:35:41,,"long term involvement, but mostly involved in bug fixes","    regularity and duration of project involvement: 7 years, on average weekly     participation in online discussions: monthly     submission of patches: weekly     project responsibilities: none ",,,,,
2016-02-03 14:36:01,2016-02-03 14:40:30,Peripheral developer,,,,,,,
2016-02-03 14:41:14,2016-02-03 14:41:59,Peripheral developer,,Committed a few simple bug fixes. Minor edits to wiki. Deep bug reports. Maintain [SPECIFIC] pages.,,,,,
2016-02-03 14:43:48,2016-02-03 14:50:03,Peripheral developer,,,I think there's subdivision within core into various levels of involvement in the typical project. It seems to me that there are people who are on the track to be a core developer but arent there yet and that's distinct from a peripheral dev popping in for a bug fix.,,,,
2016-02-03 14:55:21,2016-02-03 14:56:19,,,a bug surfaced in our application that was eventually tracked down to [PROJECT NAME] core. I fixed the bug and worked through the patch submission process to get the fix into the next release.,,,,,
2016-02-03 14:56:52,2016-02-03 14:57:03,,,,,,,,
2016-02-03 15:00:07,2016-02-03 15:00:13,,,,,,,,
2016-02-03 15:32:44,2016-02-03 15:32:47,,,,,,,,
2016-02-03 15:35:34,2016-02-03 15:49:09,Peripheral developer,,,No,"I am not sure why one would need to classify and split open source developers into roles. Someone involved more, someone less, that's it.",The only practical outcome of this that I see is that when core developers are clearly visible it is easier for newcomers to find them for a quick discussion or code review.,"I am not sure what you are going to get as a result, therefore I am leaving my email to get the summary.",
2016-02-03 15:49:23,2016-02-03 16:07:57,Peripheral developer,,"From time to time I get myself a ticket in one of the projects I am using on regular basis and fix it. I don't use any chats to communicate during this, just ticket tracker and pull requests.",Not sure if you can always classify them that strictly.,"Usually something like Leader, Core and Occasional developer might apply.  Also different roles between Developers, Bug screeners, Documenters, Supporter can be observed.","The most important thing is not to differentiate, but to recognize _all_ contributors of a project and not have them seperately valued.",,
2016-02-03 15:51:59,2016-02-03 15:54:26,Core developer,,i spend occasional time on the project. i participate only in online discussions relevant to my area of expertise. i submit occasional patches. I also have responsibility of being one maintainer of the money fund for travel and other support.,,,,,
2016-02-03 15:52:58,2016-02-03 15:53:02,,,,,,,,
2016-02-03 15:57:36,2016-02-03 16:13:06,Peripheral developer,,,-,"We have generalists for the whole project, specialists for a specific field and random contributors with more limited knowledge. Random contributors may contribute similarly to many projects, and specialists often seem to contribute to multiple projects in the same field.",Not very important.,I don't get the point.,
2016-02-03 16:03:58,2016-02-03 16:05:52,,,"I've followed the project for at least 7 years. I regurlarly maintain translations for a language. I've sent some random minor bug fixes, probably 1 to 2 times per year. Sometimes I review random patches and comment on them probably 4-6 times per year.",,,,,
2016-02-03 16:04:17,2016-02-03 16:06:34,,,,,,,,
2016-02-03 16:08:37,2016-02-03 16:08:49,,,,,,,,
2016-02-03 16:12:36,2016-02-03 16:13:21,,,,,,,,
2016-02-03 16:21:28,2016-02-03 16:22:00,,,,,,,,
2016-02-03 17:25:08,2016-02-03 17:25:19,,,,,,,,
2016-02-03 17:29:39,2016-02-03 17:34:07,Peripheral developer,,,,,,,
2016-02-03 17:56:21,2016-02-03 18:04:28,Core developer,Turkish translator,"Only Turkish translator, working on my free time, my first and big update took 2 months to complete. Talking only with [DEVELOPER NAME] (chief developer)",,,,,
2016-02-03 18:08:33,2016-02-03 18:08:36,,,"In periods, full-time paid job. Sometimes allocated to projects internal to the company.  Responsibilities: Source/core owner in the [SPECIFIC] part of the [PROJECT NAME] project, submitting patches every week. ",,,,,
2016-02-03 18:06:03,2016-02-03 18:26:34,Not sure,,,,,,,
2016-02-03 18:47:39,2016-02-03 18:47:54,,Both actually,Maintainer of [SPECIFIC HARDWARE] support in the [PROJECT NAME]. So a bit of coding and a lot of coordination + review. 2 hours per day  on average.,,,,,
2016-02-03 18:48:03,2016-02-03 18:48:21,,,,,,,,
2016-02-03 18:48:04,2016-02-03 18:48:10,,,,,,,,
2016-02-03 18:45:57,2016-02-03 18:52:58,,,,,,,,
2016-02-03 18:58:07,2016-02-03 18:58:20,,,,,,,,
2016-02-03 18:59:39,2016-02-03 19:12:15,Peripheral developer,,,,,,,
2016-02-03 19:08:46,2016-02-03 19:25:21,Core developer,,-involvement: depending on official work road. -email discussion on demand -submission: about 1/week -implementing small features and bug fix.,,"""maintenance"" vs. ""new features"" people, for one.","Interesting, but not that important.",,
2016-02-03 19:41:36,2016-02-03 19:43:32,Not sure,,"I've participated regularly for the last five years.  Lately, I do some form of involvement 5-6 days per week.  In 2015, I committed 70 patches and sent 509 emails.  I mostly do post-commit patch review and write bug fixes.",,,,,
2016-02-03 20:09:24,2016-02-03 20:09:33,,,,,,,,
2016-02-03 20:34:33,2016-02-03 20:34:36,,,,,,,,
2016-02-03 20:43:09,2016-02-03 20:43:46,,,,,,,,
2016-02-03 21:36:33,2016-02-03 21:58:03,,,,,,,,
2016-02-03 22:23:36,2016-02-03 22:24:06,,,,,,,,
2016-02-03 23:34:31,2016-02-03 23:47:56,Core developer,,,"To be honest, I'm not sure what core/peripheral means in this context.  Those words have a different meaning in the [PROJECT NAME] .  Our periphery includes a bunch of projects that are bigger than most people's cores...",,It's important to have someone responsible for each component and you have to know who that is but other than that it's not important.,,
2016-02-03 23:48:00,2016-02-04 00:01:02,Peripheral developer,,full time [PROJECT NAME] dev,"Yes, This sounds similar to SoC bring-up and board bring-up where SoC developers work mostly on platform development whereas board bring-up involves mostly on peripheral drivers and interacting with SoC core platform driver team for issues. ",- branching and version control understanding - communication in the mailing list - Patience for the getting replies - Open minded to admit if they don't know a particular thing and willingness to learn,I don't think it would be a big deal.  Peripheral driver developer can also code Core driver. It's a matter of time. ,"Yes . please provide acknowledgment as  personal note, if you find my comments useful",
2016-02-03 23:55:52,2016-02-03 23:58:40,Peripheral developer,,"- For every release milestone of product - At times with mailing list , mostly with suppliers - Upstream to non-project related - Bug fixing, maintain stability of product ",,,,,
2016-02-04 00:37:35,2016-02-04 00:38:36,Peripheral developer,,"A committer to [SPECIFIC SYSTEM] core, [SPECIFIC] drivers and [SPECIFIC] library. I did them in my free time.",,,,,
2016-02-04 01:06:26,2016-02-04 01:12:54,Core developer,,,,,,,
2016-02-04 01:17:00,2016-02-04 01:32:04,,,- Actively developing for [PROJECT NAME]  for more than 10 years - One of the fist external contributors to [SPECIFIC] for multiple subsystems - Sending patches frequently,,,,,
2016-02-04 01:53:10,2016-02-04 01:54:11,Core developer,,,,,,,
2016-02-04 02:14:29,2016-02-04 02:15:02,,,,,,,,
2016-02-04 02:15:41,2016-02-04 02:23:08,Peripheral developer,,,Nope,"Boardly put, core and peripheral, core ones being the gatekeepers to protect against infusion of bad code.","Not exactly sure, it helps to know which feedback is more important.",Nope,
2016-02-04 03:31:57,2016-02-04 03:33:02,,,Helped to fix a few bugs during a few weeks. Have participated a bit in the mailing list. Fixing bugs did indeed involve sending of patches. Only responsibility was to code well enough to get patches accepted. I only picked tasks that I could do solo-work on: very limited and obvious changes needed for fix.,,,,,
2016-02-04 03:57:01,2016-02-04 04:10:38,Not sure,,,"description of ranking did not make sense to me, so I left it out",huh?,nothing,classification that you apparently pursue does not make much sense to me,
2016-02-04 03:58:59,2016-02-04 03:59:51,,"In between really. Not involved in coordination, but expert enough to not rely on other developers for guidance.","This is my day job Discussions mostly inside the company because the code is specific to the company's hardware Submit my patches via the in-company maintainer Development of new features in the driver, investigating problems and fixing errors",,,,,
2016-02-04 04:02:38,2016-02-04 04:33:53,Core developer,,,The same person can be a core developer in one area of a project and a peripheral developer for other areas. In fact I think this is the case for a majority of [PROJECT NAME] developers.,"They are moving. You are not a core developer of the [PROJECT NAME], you become one over time. So everyone starts as a peripheral developer really.","Advertising who is responsible for what is important. This is the purpose of file MAINTAINERS in the [PROJECT NAME] source tree. However the main purpose is practical, to guide contributors. Recognition is implied by the commit history (even though some names are written in file CREDITS but I don't think it's really accurate or complete.) And monitoring isn't something we are interested in... We monitor hardware, not people ;-)","I'm afraid I don't quite follow the purpose of your study.  We do not like to classify people according to their role because it is a strong belief of open-source development that every individual can take more responsibilities over time as they become more familiar with the technical aspect of the project. Core developers today were peripheral contributors a few years ago.  Of course there are exceptions, some people will never be able to lead a project because their personality doesn't fit the bill, or they have no interest in it. But this seems to be a minority.  My strong belief is that you can't get a core developer from project A and catapult it core developer of project B just because ""he is a core developer"". Maybe this is what companies do, but open-source projects are different. Growing the individuals in project B and making one of them the leader is what happens in general, and tends to work pretty well, IMVHO. When you move to a different project, you humbly start at the bottom of the ladder again. The only difference is that, with the experience, you can climb it a lot faster.",
2016-02-04 04:09:24,2016-02-04 04:09:56,,"I may not be contributing as much as I did in past years, but I am still active and available to answer questions from and provide guidance to other developers.","I am involved in [PROJECT NAME] development for 12 years, specifically in the [SPECIFIC HARDWARE], hardware monitoring and [SYSTEM NAME] areas. Over the years, I have been the maintainer of some of these subsystems, and contributing to many others. I am taking part in discussions on specific mailing lists, but not [SPECIFIC MAILING LIST]. I am contributing patches and reviewing patches from other developers.",,,,,
2016-02-04 03:22:10,2016-02-04 04:45:28,Peripheral developer,,,,,,,
2016-02-04 04:47:37,2016-02-04 04:47:42,,"Mostly on the user side, but doing some commits if possible. Often hiring external developers and coordinating implementation.","- Watching the lists regularly - Participation only when necessary (not too often), or when helping end-users with problems we've also had already",,,,,
2016-02-04 04:50:34,2016-02-04 04:52:46,Core developer,,,,,,,
2016-02-04 05:06:44,2016-02-04 05:06:53,,,,,,,,
2016-02-04 05:46:06,2016-02-04 05:55:32,Core developer,,,10,,"Has the discipline/motivation to figure things out on their own, not afraid of asking ""dumb"" questions.",,
2016-02-04 05:51:17,2016-02-04 05:53:57,,,- I work on [PROJECT NAME] every day,,,,,
2016-02-04 06:31:32,2016-02-04 06:37:23,Core developer,,,"For maintainers, you could say that ""core maintainers"" participate in discussions on areas outside the ones that they maintain.",I'm not sure I understood this question.,"I don't think it's important. The roles are fluid and open to change. ""Lurking"" is important before contributing to discussions on complex topics, and that will provide developers with an idea of the core people to have discussions with and whose opinion to listen to.",,
2016-02-04 07:01:55,2016-02-04 07:09:03,Core developer,,"I have been involved for several years as a maintainer, participating in discussions, reviewing patches from contributors and suggesting improvements, as well as implementing new features and fixing bugs myself.",,,Core developer monitor the changes peripheral developers submit for acceptance.,,
2016-02-04 05:05:45,2016-02-04 07:20:02,Not sure,I'm the maintainer of a [PROJECT NAME] sub-subsystem (a special SoC of the arm architecture). Which means I don't send my patches directly to [PROJECT NAME] but to another instance which will send a merge request to [PROJECT NAME] (central instance),Involvement since approx 2 years as maintainer. Regular involvement with patch re-view and guidance. Collecting patches to submit the changes to the higher instance of the merge process.,No,People scratch their itches.,Nobody cares. People fixes and improves stuff they are interested in.,I'd say the first page makes some sense while the rest of pages are almost pointless.,
2016-02-04 08:32:01,2016-02-04 08:56:31,Peripheral developer,"I'm a maintainer of [PROJECT NAME] port for [SPECIFIC] architecture so I write and support architecture-specific code, fix and improve drivers for devices we use in our hardware. Essentially occasionally I do fixes and improvements in core/generic code of the [SYSTEM NAME].","I've been working on [PROJECT NAME] for 3 years now. My involvement is usually 0.5 day a working week in general. If I need to develop a significant new feature I might me busy for entire week. If I have nothing to be done I might be not doing anything here for weeks as well. I usually participate discussions of stuff I'm submitting, otherwise I rarely follow mailing list discussions mostly due to lack of time for that. As mentioned above I'm responsible for [SPECIFIC] architecture support.",,Not sure how the question is meant... Its termed awfully broad and vague.,"Maybe not all that important for most projects in their own interest, people get to know each other and you can easily see whose names come up often and who contributes code regularly. Interesting from a scientific standpoint or for people outside the project nonetheless. Also possibly good for better recognizing and appreciating the peripheral contributors.",Fairly short ,jr98@gmx.net
2016-02-04 09:00:56,2016-02-04 09:02:13,,Translator,"I'm translating i.e. release announcements on a regular basis (since releases follow a schedule) and changes to strings or messages when they occur (irregularly). Been involved since 2010, regular since 2012. Responsible for German translation of [PROJECT NAME] itself and parts of the website.",,,,,
2016-02-04 09:22:10,2016-02-04 09:22:39,,,,,,,,
2016-02-04 09:37:57,2016-02-04 09:38:22,,,,,,,,
2016-02-04 09:41:16,2016-02-04 09:41:34,,,,,,,,
2016-02-04 10:30:49,2016-02-04 10:31:44,,,,,,,,
2016-02-04 11:14:38,2016-02-04 11:18:03,Peripheral developer,,,,,,,
2016-02-04 11:25:35,2016-02-04 11:25:44,,,,,,,,
2016-02-04 12:01:38,2016-02-04 12:06:23,Core developer,,,,,,,
2016-02-04 12:11:22,2016-02-04 12:11:25,,,"* 2 years * roughly every day * weekly * reviews, development, bugfixing",,,,,
2016-02-04 13:29:37,2016-02-04 13:32:11,Core developer,,,,,,,
2016-02-04 14:07:47,2016-02-04 14:13:05,Peripheral developer,,,,"well. hobbyists, companies with individual fixes, just like hobbyists. then companies with a product for the open project, then maintainers and so on.",Don't think it's impartant. Roles can change quickly.,,
2016-02-04 15:21:27,2016-02-04 15:26:18,Not sure,,a few small changes per [PROJECT NAME] release. in spare time.,I don't have had any contact with them so far.,"Being responsible, listening to other people and open for suggestions.",It's important to know how you can contact for questions about a particular subsystem.,None.,
2016-02-04 15:54:37,2016-02-04 16:04:36,Peripheral developer,I have submitted 2 patches tow [PROJECT NAME]. Third upcoming,I work on [PROJECT NAME] support for [SPECIFIC SYSTEM] in my free time for fun and learning.  I'm guided by [DEVELOPER NAME] in my development work.,,,,,
2016-02-04 17:59:48,2016-02-04 18:02:22,Not sure,,- not much time spent in the last years - online discussions rarely - less than 10 patches/year,,,,,
2016-02-04 18:38:17,2016-02-04 18:39:21,,,I work on a fairly specialised driver [DRIVER NAME] for [COMPANY NAME]. At this stage I'm still getting familiar with the codebase and have only submitted a handful of patches.,,,,,
2016-02-04 19:01:42,2016-02-04 19:14:55,Peripheral developer,,,,"Meritocracy, although project leaders do have a tendency to play favorites.","I think that patches should be judged by their quality and not by whether the person submitting them is a ""core"" or ""peripheral"" developer. The core/peripheral distinction could, however, be useful to determine who wins when there is a major disagreement.",,
2016-02-04 21:11:49,2016-02-04 21:12:10,,"I am listed as a general maintainer, meaning that I am willing to review others' patches and help them get accepted, but there is no particular area that I am in charge of.","I almost always have at least one patch cooking. I am subscribed to the [PROJECT NAME]-devel mailing list and I sometimes log on to IRC to ask questions there. As I mentioned earlier, I review patches when asked, and I sometimes review patches that look interesting without being asked.",,,,,
2016-02-05 02:20:45,2016-02-05 02:20:48,,,,,,,,
2016-02-05 03:42:33,2016-02-05 03:42:53,,,,,,,,
2016-02-05 11:53:08,2016-02-05 12:00:06,Core developer,,,"The [PROJECT NAME] project is special in two ways: 1) the majority of contributors are employed to work on it, and are therefore all core developers. Most are employed by [COMPANY NAME], but some are from [2 COMPANY NAMES], or other organizations. 2) the [PROJECT NAME] project consists of hundreds of repositories. Any data gathered from just  [REPOSITORY NAME]  will be woefully incomplete.",,,Ranking developers when they are presented one at a time is impossible. You don't know who you are going to see next.,
2016-02-05 11:57:34,2016-02-05 11:58:05,,,"I am employed to work on the project. I contribute every day, and organize the efforts of the team around me.  Most of my contributions are not in [PROJECT REPOSITORY NAME], but rather in support repositories.",,,,,
2016-02-05 12:07:15,2016-02-05 12:07:54,,,,,,,,
2016-02-05 12:12:54,2016-02-05 12:13:12,,,,,,,,
2016-02-05 12:22:50,2016-02-05 12:23:02,,,,,,,,
2016-02-05 12:27:48,2016-02-05 12:34:07,Peripheral developer,,,"Perhaps add time as a dimension, e.g. current/previous core developers.",,"It's sometimes useful to have an at-a-glance display of most core developers in a project. This is generally easily to determine by commits by user though, and for chromium, the OWNERS files shows the core developers responsible for an area of code.",,
2016-02-05 12:49:44,2016-02-05 12:51:20,,,Fixing small bugs while learning the codebase & learning the patch submission processs,,,,,
2016-02-05 12:51:24,2016-02-05 12:51:55,,,,,,,,
2016-02-05 12:52:26,2016-02-05 13:01:12,Not sure,,,,,,I think it is crap.,
2016-02-05 12:57:10,2016-02-05 12:58:45,Core developer,"You need to define the terms ""core"" and ""peripheral"".","I am regularly involved in the maintenance of drivers for [SPECIFIC HARDWARE], and have been so for several years. I regularly participate in on-line discussions in the [PROJECT NAME] mailing list. I regularly submit patches. I am the main contributor to these drivers.",,,,,
2016-02-05 13:04:09,2016-02-05 13:04:32,,,"Involved in planning, execution and reviewing of code related to Qualcomm hw and their affected subsystems",,,,,
2016-02-05 13:06:27,2016-02-05 13:39:27,Core developer,,,No thanks. It's clear,- Good coder as well as good decision maker - good writing skills - good patience in giving suggestions as well as responding answering.,Based on the skill-set and determination .,"Nice survey, keep going and suggest me any opensource work for my company [WEBSITE]",
2016-02-05 13:11:13,2016-02-05 13:12:37,Peripheral developer,,I'm taking whole responsibilities of development and maintaining two core subsystems on my opensource project. I will submit the patches as well as review the patches from rest of the world and finalize. Regular involvement and sometimes works > 8 for feature core addition or in release deadlines. ,,,,,
2016-02-05 13:11:09,2016-02-05 13:20:32,Not sure,,submission of patches,Core developers usually eventually take on subsystem maintainer roles.,Hard to say.,This is already done to an extent with the MAINTAINERS file.,,
2016-02-05 13:20:20,2016-02-05 13:56:21,Peripheral developer,,I submit occasional patches for bugs that I find while developing board support for various products. I participate in discussions and proved review on the mailing lists. I subscribe to the [MAILING LIST NAME] and [MAILING LIST NAME] mailing lists.,,,,,
2016-02-05 13:20:36,2016-02-05 13:24:10,Peripheral developer,,,,,,,
2016-02-05 13:24:02,2016-02-05 13:29:39,Peripheral developer,,I'm fixing long standing minor bugs with some developer use cases. I follow [PROJECT NAME] news but not [MAILING LIST NAME] mailing lists.,,,none whatsoever,,
2016-02-05 13:30:40,2016-02-05 13:31:30,,,,,,,,
2016-02-05 13:31:40,2016-02-05 13:36:47,Peripheral developer,,,I would better distinguish between: * contributors (make proposals) * maintainers (do quality gates and accept/reject proposals),a) people who put in much time and ingenuity to get things working b) people rejecting such ideas because they do not understand what the developer wants to solve,"? If I want to find out the roles, I look into the MAINTAINERs list",After answering the questions I am no longer sure what your work will achieve.,
2016-02-05 13:33:55,2016-02-05 13:51:21,Peripheral developer,,wrestling to get things into [PROJECT NAME] ,This distinction is not as important as knowing which exact parts of the code base is known to the person.,"Roles are defined by OWNER-files in each directory, patches have to be approved by owners of the modified files",,,
2016-02-05 13:35:11,2016-02-05 13:35:24,,,"worked full-time on it for 3 months, developing two minor features and a few bug fixes, then shifted project, but still supporting the features",,,,,
2016-02-05 13:36:15,2016-02-05 13:36:45,,,,,,,,
2016-02-05 13:42:24,2016-02-05 13:43:27,,,,,,,,
2016-02-05 13:51:56,2016-02-05 13:52:15,,,,,,,,
2016-02-05 14:28:00,2016-02-05 14:28:22,,,,,,,,
2016-02-05 14:29:04,2016-02-05 14:31:04,Not sure,,,,,,,
2016-02-05 14:42:11,2016-02-05 14:47:44,Peripheral developer,Core developer of [PROJECT NAME] (forked) project,,,Feature focused,,,
2016-02-05 15:15:20,2016-02-05 15:16:13,,,"Signed up to work on one set of features for a few months, then handed the work off to a peer to finish getting it merged. Discussions were mostly limited to code review beyond some preliminary agreement on concept by developers of the adjacent systems.",,,,,
2016-02-05 15:11:20,2016-02-05 15:19:22,,,,,,,,
2016-02-05 15:19:54,2016-02-05 15:19:57,,,,,,,,
2016-02-05 15:45:07,2016-02-05 15:48:14,Core developer,,,,,,,
2016-02-05 15:46:02,2016-02-05 15:46:12,,,,,,,,
2016-02-05 15:54:16,2016-02-05 15:57:57,Peripheral developer,,,,,,,
2016-02-05 16:05:06,2016-02-05 16:05:13,,,"Mostly contributing to [PROJECT NAME] as [SPECIFIC SYSTEM] developer, when there's something to fix/implement in [PROJECT NAME] code in order to enable some feature in [SPECIFIC SYSTEM].",,,,,
2016-02-05 16:16:46,2016-02-05 16:33:43,Peripheral developer,,,"the names core/peripheral are a little confusing to me, at least when referred to [PROJECT NAME], the terms bring to mind the difference between the core kernel functionality opposed to device drivers.  I tend to classify contributors as regular opposed to occasional.",Another difference in open-source developers are between those who contribute as part of their day job and those who contribute in their free time.,No opinion,Not really,
2016-02-05 16:23:37,2016-02-05 16:24:05,,,submission of patches to improve support for the hardware I own,,,,,
2016-02-05 16:56:47,2016-02-05 17:03:01,Core developer,,,,,,,
2016-02-05 17:49:05,2016-02-05 17:49:23,,,Full-time Open Source Developer at [COMPANY NAME] Open Source Group Very active mailing list and IRC discussions as well as conference talks and meetings Around 400 patches a year for the [SPECIFIC] Libraries and 30 for the [PROJECT NAME] Release manager of the [SPECIFIC] Libraries and co-Maintainer if the [SUBSYSTEM NAME] subsystem,,,,,
2016-02-05 20:01:12,2016-02-05 20:10:39,Peripheral developer,,,,,,,
2016-02-05 20:47:04,2016-02-05 20:49:34,,,"Fix typo in [SYSTEM NAME] messages. Fix typo in Document Fix typo in code, such as valuable or structure. Fix memory leak Fix other small bug fix. ",,,,,
2016-02-05 20:49:55,2016-02-05 20:50:25,,,,,,,,
2016-02-05 20:50:40,2016-02-05 20:50:47,,,,,,,,
2016-02-05 20:51:06,2016-02-05 20:51:14,,,,,,,,
2016-02-05 21:11:49,2016-02-05 21:15:44,Not sure,,,The intention and motivation why this all started will do more harm than good to open source community.,,Harmful.,It is crazy.,
2016-02-06 00:50:56,2016-02-06 00:51:01,,,,,,,,
2016-02-06 01:25:16,2016-02-06 01:26:05,,,,,,,,
2016-02-06 03:26:12,2016-02-06 03:29:52,Peripheral developer,,,,,,,
2016-02-06 04:20:15,2016-02-06 04:20:36,,,"I submit a few patches (essentially, bug fixes and small refactoring) to the upstream [PROJECT NAME] while working on a project forked from it.",,,,,
2016-02-06 04:44:24,2016-02-06 04:52:07,Peripheral developer,,,No,"Must be able to communicate well, produce correct quality code, be responsive to comments and handle criticism well",No idea,No,
2016-02-06 05:01:01,2016-02-06 05:22:30,Peripheral developer,I contribute minor fixes to the [PROJECT NAME]. Most of the bugs I find are with daily builds using various static analyzers.  I also focus on getting [SUBSYSTEM NAME] bug free.,"I submit fixes across the [PROJECT NAME] core and drivers regularly, normally about 2-3 fixes a week.  I come in contact with a lot upstream maintainers.",nop.,you do not encountered any discrimination in open source community. a place where the only talk of code.,-,nop.,
2016-02-06 05:36:45,2016-02-06 05:43:07,Core developer,I'm contributor on [PROJECT NAME]l and [PROJECT NAME]. ,I am preparing improvements patches for project. I'm also sometimes bug reporting.,"In the [PROJECT NAME] world, we perhaps need a third category as we have many developers of non trivial hardware support, but which stick to their narrow areas and don't get involved with more core support.",,"It's kind of useful information, though probably only for people not deeply involved in the project.",,
2016-02-06 09:43:47,2016-02-06 10:23:47,Peripheral developer,,Mostly act as a maintainer rather than a developer these days due to insufficient time.  0.5 days a week + keeping vague eye on emails the rest of the time.  Primary work is on reviewing others patches and handling merging them and sending pull requests upstream.,,,,,
2016-02-06 10:47:45,2016-02-06 10:47:58,,,"- I have been irregularly contributing smaller patches over the last couple of years. - My patches usually fix issues encountered when using [PROJECT NAME] in atypical ways (building with [SYSTEM NAME], using [PROJECT NAME] code on a Windows system etc), and are relatively obvious bug fixes - I occasionally get code review feedback or have to clarify the role of a patch on the mailing list -- that is normally the extent of my communication with other developers and 'participation in online discussions'",,,,,
2016-02-06 20:18:03,2016-02-06 20:20:17,Peripheral developer,,,,,,,
2016-02-07 03:36:12,2016-02-07 03:40:17,Peripheral developer,,,,,,,
2016-02-07 08:12:55,2016-02-07 08:15:47,Peripheral developer,"Driver developer; 95%+ of effort is in specific drivers, not in any broad system enhancements. Not sure this fits your peripheral vision, but as you've stated - the division is crude","Maintainer of a [SYSTEM] driver; Responsibility for deciding on content for sending upstream, preparation of patches [although sometimes this is handled by other employees]. Discussion mostly revolves around driver; Current work has taken at least the last  6 months and will be on-going in years to come.",,,,,
2016-02-07 11:33:52,2016-02-07 11:33:59,,,"I contribute to documentation, as well as packages for Django. I'm also involved in running DjangoCon, the largest Django conference in the world. I'm a frequent poster on the mailing lists and help with SQL Server integration.",,,,,
2016-02-07 16:52:34,2016-02-07 16:53:21,,,,,,,,
2016-02-07 18:05:23,2016-02-07 18:05:30,,,,,,,,
2016-02-07 18:45:01,2016-02-07 18:52:43,Core developer,,,"Some ""developers"" are not developers at all but mostly focus on administrative tasks like testing infrastructure.","Pretty flexible. This ranges all the way from coders, architects to simple administrators of websites, mailing lists. Its a generic term that really does not give too much of an indication what the daily activities of that persons are.",Dangerous. It may damage the social web by imposing a hierachy.,Can I see the results at some point?,
2016-02-07 19:06:14,2016-02-07 19:08:49,Not sure,,I am maintaining two subsystems of the [PROJECT NAME] and participate in patch review and online discussions regarding those subsystems and other code that I have contributed over the years.  Approve  and evaluate patches. I write code as needed. Track submissions and patchflow into [DEVELOPER NAME] tree etc.  Also involved in other subsystems that I do not maintain when the interest of my company makes that necessary.,,,,,
2016-02-07 19:11:45,2016-02-07 19:26:09,Peripheral developer,,,"The classification does not make full sense for the [PROJECT NAME] project: Strictly speaking, only [COMPANY NAME] employees can become core members as only they have full access to certain documents and design discussions. However, there are a number of other companies which contribute heavily and have a strong influence of the code base, such as [COMPANY NAME] or [COMPANY NAME].",I believe it still holds that most of them are driven by altruistic motivations.,I think it's at least important to the fact that core developers usually take ownership of the code and are thus considered as gate-keepers to a project. Related to this is the fact that a peripheral developer often has to receive approval from a core developer before he or she can get a patch submitted.,,
2016-02-07 22:14:18,2016-02-07 22:21:57,Core developer,,"I've been contributing to the [PROJECT NAME] project on and off for about 3 years.  I regularly read the related mailing lists and occasionally post to it.  I have submitted multiple patches, both small and large.  I do not carry any official project responsibilities. Nevertheless, I do participate where I can and deem myself helpful. For instance, I contribute to the issue tracker hygiene by marking duplicate bugs and providing comments.","Linux is really multiple projects, each with core/non-core developers. A developer who is core for a particular architecture or subsystem (eg. networking) may not be core for Linux as a whole. etc.  Core/non-core classification is also very time sensitive, eg. some core developers will go off to work on a big feature and do less core work for a while, before returning.",,"I think it can be useful, especially for large projects such as [PROJECT NAME] where it's hard to know who is core/non-core for each particular area.",,
2016-02-07 22:15:03,2016-02-07 22:16:31,Core developer,Though only for one architecture.,"Duration: > 10 years. Regularity: Daily Participation in discussions: Daily for my architecture, monthly for general discussions. Submission of patches: semi regularly when time allows. Resposibilities: architecture maintainership.",,,,,
2016-02-08 02:52:36,2016-02-08 03:09:22,,,,,,,,
2016-02-08 03:24:16,2016-02-08 03:24:57,,,,,,,,
2016-02-08 03:36:32,2016-02-08 03:36:41,,,,,,,,
2016-02-08 03:54:38,2016-02-08 03:55:08,,,,,,,,
2016-02-08 03:58:28,2016-02-08 03:59:49,Peripheral developer,,,,,,,
2016-02-08 04:00:08,2016-02-08 04:07:20,Not sure,,submission of patches,,,the scale is not fine enough to be useful,,
2016-02-08 05:13:53,2016-02-08 05:35:07,Core developer,"Long term, but they could do without me",- regular and for years - regular participation - regular patches but not deep in the core - maintainer of multiple drivers,The opinion of core/peripheral will depend heavily on whether the person they are commenting on works on the same or closely-related subsystem as themselves. The exception would be maintainers as they are almost universally known.,It'll vary by projects but the bulk of the interesting material will be covered by core developers. The peripheral developers are critical because they usually are dealing with an important corner case but rarely influence overall direction.,"Personally, it's not something I'd be interested in but that is specific to myself. In the subsystems I am active in, I'll generally know the developers involved and can adapt to each of their working styles without worrying about what type of role they fulfill. I expect the opinion of a maintainer would be very different.","It's interesting. While it has little impact on me, that is partially due to what company I work for. I expect the results of the survey will be very important to companies that are relatively new and trying to build an open community around a product and sell services.",
2016-02-08 05:17:28,2016-02-08 05:17:41,,Public visibility is irregular as it's split between public work and work on enterprise [SYSTEM NAME].,Involvement and monitoring of activity is continuous. Automation watches each releases for problems that may be encountered by enterprise [SYSTEM] in the future. Patches are submitted based on problems encountered and may be small fixes or long series that take months to complete.,,,,,
2016-02-08 05:18:11,2016-02-08 05:21:08,Peripheral developer,,,,,,,
2016-02-08 06:41:11,2016-02-08 06:45:39,Peripheral developer,,,,,,,
2016-02-08 07:29:58,2016-02-08 07:30:50,,,"Infrequent involvement in the project; only a handful of patches every year. I do however build [PROJECT NAME] locally for testing much more often than that. I don't participate much in online discussions. I don't have any direct responsibilities in this project, but I have large responsibilities in the [OTHER PROJECT NAME] project, which [PROJECT NAME]  integrates.",,,,,
2016-02-08 07:37:47,2016-02-08 07:37:53,,,,,,,,
2016-02-08 07:38:19,2016-02-08 07:38:21,,,,,,,,
2016-02-08 09:40:05,2016-02-08 09:40:51,,,,,,,,
2016-02-08 09:47:12,2016-02-08 09:47:34,,,,,,,,
2016-02-08 10:18:11,2016-02-08 10:53:48,Peripheral developer,,,"Honestly, AFAIK they are the same people. You'll find more ""cowboys"" devs trying writing driver/peripheral stuff, because the learning curve for core contribution is usually steeper, and you have less opportunities to write core framework code. But essentially, the good ones are the same people.","Nowadays, as for the [PROJECT NAME] and [SPECIFIC NAME] stuff, the role if often to give a customer or a consortium prestige and visibility...I'm being a bit cynical I know...","why not, but maybe not so relevant for the open source community. If you are in the position to post a lot, and some part of what you do is useful, then you get recognition. As an engineer I can have significant management (team/project) responsibilites in a real industrial business, but just be an (almost) anonymous contributor/simple dev in the opensourec, I wish open source will NOT define what are the roles of an engineer. a MSc is not a high-school student or just a geek, please...do not you too contribute to low-cost, and to ruining our job profiles (and renumeration profiles)","cool. Don't make the mistake to advertise core developers as an elite compared to peripheral devs. Again, the good ones are the same people! ",
2016-02-08 10:20:40,2016-02-08 10:23:44,Peripheral developer,"Mostly driver dev and product integration, with some recent activity in [PROJECT NAME] core framework [SPECIFIC SUBSYSTEMS]","Upstreaming activity:  a typical ""run"" is roughly - one month dev to produce an RFC or PATCHv1 - initial submission to maintainers and ML [MAILING LIST] - iteration phases (can take 6 to 10 iterations) 2 to 3 days per iteration to produce new version and take comments in account.  Project respons. in the open source depends on business model, current model is  < < customer X wants us to upstream ""something"" >>. Very shallow project management!",,,,,
2016-02-08 10:26:21,2016-02-08 10:28:20,Peripheral developer,,,,,,,
2016-02-08 10:38:53,2016-02-08 10:41:17,Peripheral developer,,,,,Could help with optimizing open source development practices.,,
2016-02-08 10:43:23,2016-02-08 10:58:38,Core developer,,- sporadic - minimal - half a dozen - none,"The distinction is quite ambivalent; 'peripheral' could be either a developer concerned with a single subsystem/peripheral (but pretty active at it), or some one who is not very active in general. So for future surveys please add a statement to clarify this ambiguity.","Need to be active on the mailing list, both as a submitter of patches and also in reviewing other patches. ","It's less important in the daily work, as inactive developers cannot fulfil any important roles (as these roles require active participation). Where it can help is to update static information, eg helping to have 'MAINTAINERS' list current.","As mentioned above, the distinction between 'core' and 'peripheral' seems to be pretty arbitrary. Plus I really would like to know how the selection of developers came about...",
2016-02-08 10:51:46,2016-02-08 11:02:29,Peripheral developer,,"I'm one of the major contributers to the [SUBSYSTEM NAME] subsystem, developing new features, bugfixing issues, and reviewing patches.",nope,"good logic, good understanding of concepts, experienced",experience and knowledge of module,I didn't understand how you have selected some random name of open source contributor. There are many open source developer in [PROJECT NAME] much more famous then these people ,
2016-02-08 10:51:59,2016-02-08 10:52:41,,,"Doing on my own interest, free of charge. Submitting patches to  [PROJECT NAME].",,,,,
2016-02-08 10:53:01,2016-02-08 10:53:41,,,,,,,,
2016-02-08 10:54:12,2016-02-08 10:55:02,,,,,,,,
2016-02-08 10:56:00,2016-02-08 11:07:23,Core developer,,,,,,,
2016-02-08 10:55:34,2016-02-08 11:05:00,Peripheral developer,,"particpate actively by submitting, reviewing and testing patches esp in performance, scheduler",,Users with the expertise and will to improve software they use. ,It could improve productivity if people had defined  roles,,
2016-02-08 11:02:31,2016-02-08 11:02:37,,,I usually submit changes when I encounter something that bothers me while at work or while doing personal projects. I then participate for the short period required to push the fix.,,,,,
2016-02-08 11:03:59,2016-02-08 11:04:33,,,,,,,,
2016-02-08 11:09:07,2016-02-08 11:11:00,Peripheral developer,,,,,,,
2016-02-08 11:09:24,2016-02-08 11:10:12,,,,,,,,
2016-02-08 10:40:27,2016-02-08 11:16:38,Peripheral developer,,,,,,,
2016-02-08 11:19:51,2016-02-08 11:20:27,,,Upstreaming the [SPECIFIC] driver,,,,,
2016-02-08 11:20:20,2016-02-08 11:20:26,,,,,,,,
2016-02-08 11:20:38,2016-02-08 11:23:55,Not sure,,,,,,,
2016-02-08 11:21:16,2016-02-08 11:26:05,Peripheral developer,I work on both. Some USB devices (which are peripheral) but also on certain aspects of memory management (which is core).,Recently my involvement has declined but I still review patches sent to [MAILING LIST NAME] which touch code I've wrote and participate in discussion surrounding them. This at times leads to my own patchsets being sent.,,,,,
2016-02-08 11:24:46,2016-02-08 12:17:12,Core developer,,"I have only 2 submissions to [PROJECT NAME]l. Even if I have a good knowledge of the project, most of my work cannot be upstreamed.",,,,,
2016-02-08 11:25:42,2016-02-08 11:26:13,Peripheral developer,,"I'm ""Code Owner"" for the [SYSTEM NAME] back end.  This means I'm responsible for making sure that patches against the back end are reviewed (typically by myself).",,,,,
2016-02-08 11:26:04,2016-02-08 11:31:19,Peripheral developer,,,,,,,
2016-02-08 11:25:15,2016-02-08 11:44:54,Peripheral developer,,I am a maintainer of a [SUBSYSTEM] module and I periodically forward patches to the net tree.,"In huge projects like [PROJECT NAME], there are many sub-projects that behave like separate projects. It could be hard to compare the huge projects with small ones.","Core developers have lots of commits, they usually add huge portions of code, functions, whole modules. They are listed in ""Signed-off-by"" in other people's commits. They work on the project continuously and usually long-term. Architects merge branches prepared by others.","I do not see any really *practical* value, but it is a nice-to-know.",,
2016-02-08 11:28:46,2016-02-08 11:29:08,Peripheral developer,,"I just sent few bug-fixing patches. Planning to contribute some test suite now. I read mailing lists related to my area of interest. Sometimes I ask/answer there, but not very often. When sending a patch, I use the mailing list too. I do not have any responsibilities.",,,,,
2016-02-08 11:30:07,2016-02-08 11:30:24,,,,,,,,
2016-02-08 11:30:40,2016-02-08 11:30:56,,,,,,,,
2016-02-08 11:34:17,2016-02-08 11:34:21,,,,,,,,
2016-02-08 11:40:12,2016-02-08 11:55:20,Peripheral developer,,,"The line is not clear, it is very much a continuum. ","I would say a willingness to discuss is important, as well an understanding of what you are doing and why.",It could be of use,"I don't think Core or Peripheral was ever defined. maybe that was intentional, but the difference between the 2 are unclear",
2016-02-08 11:40:00,2016-02-08 11:43:42,,,I develop in the [PROJECT NAME] in order to enable new IO specifications (ex: PCI/USB features),,,,,
2016-02-08 11:44:10,2016-02-08 11:45:53,Peripheral developer,,,,,,,
2016-02-08 11:45:50,2016-02-08 11:50:54,Core developer,,I maintain [PROJECT NAME] bindings and occasionally improve the C API,,,,,
2016-02-08 11:46:05,2016-02-08 11:46:16,,,,,,,,
2016-02-08 11:46:07,2016-02-08 11:49:38,Peripheral developer,,,,,,,
2016-02-08 11:46:12,2016-02-08 11:46:16,,,* development is done in spare time * I do participate to get feedback * working on improving support for hardware I have * lone developer,,,,,
2016-02-08 11:48:42,2016-02-08 11:52:05,Core developer,,,,,,,
2016-02-08 11:50:58,2016-02-08 11:56:01,Peripheral developer,,"Most involvement happens during development of main features of the subsystem. The rest of the time is spent observing and reviewing new patches, fixing bugs, and providing advice on the workings of the sybsystem.",,"Aside from being a maintainer, there is no real role that is well defined.", [PROJECT NAME] tool for finding maintainers is pretty handy. Not sure what more we need.,,
2016-02-08 11:54:30,2016-02-08 11:54:30,,,"I have been working on the [SPECIFIC] driver for about 5 years. My participation are not regular commit-wise in the [PROJECT NAME], but I do participate a lot on the [SPECIFIC TOOL] project and communication (IRC and conferences)  Patch submission is done through the [MAILING LIST NAME] mailing list.  I am mostly responsible for power management.",,,,,
2016-02-08 11:58:27,2016-02-08 12:06:30,Peripheral developer,,,,,It might be interesting to understand this dynamics. Like understanding the laws that govern the survival of a certain species ,) ... in order to help to maintain this species alive ,
2016-02-08 12:03:04,2016-02-08 12:03:24,,,"Frequency : Very irregular.  Nature of participation:  * participation in online discussions  * testing, troubleshooting and bug reporting",,,,,
2016-02-08 11:56:45,2016-02-08 12:08:44,,,,,,,,
2016-02-08 12:10:55,2016-02-08 12:12:22,,,,,,,,
2016-02-08 12:12:37,2016-02-08 12:13:59,,,,,,,,
2016-02-08 12:13:41,2016-02-08 12:18:34,Not sure,,,,,,,
2016-02-08 12:22:32,2016-02-08 12:30:51,Core developer,,,,,,,
2016-02-08 12:37:15,2016-02-08 12:37:22,,I feel I don't contribute new major components though,"Over 3 years, regularly submitting patches. I answer mailing list and IRC questions with increasing frequency and attend the monthly socials.",,,,,
2016-02-08 12:41:30,2016-02-08 12:47:55,Peripheral developer,,,,,,,
2016-02-08 12:50:55,2016-02-08 12:59:37,Core developer,,* Work on a specific kernel modification and patch submission to get it included in the mainline kernel. * Not participated in discussions that are unrelated to the submitted patches. * No responsibililty for the [PROJECT NAME] project,,,,,
2016-02-08 12:56:39,2016-02-08 12:59:15,Core developer,,"I have been a maintainer of a [PROJECT NAME] subsystem for around a year.  I regularly submit patches, review patches, and participate in discussions.",,,,,
2016-02-08 12:58:28,2016-02-08 13:01:58,Not sure,,,,,,,
2016-02-08 13:11:27,2016-02-08 13:19:22,Peripheral developer,I'm still trying to fit in the [PROJECT NAME] Environment.,I have been submitting cleanup patches while I do some real study about Operating Systems.,,,,,
2016-02-08 13:17:36,2016-02-08 13:18:06,,,My main focus is software verification tools that we apply to [PROJECT NAME]. So I send usually 1 patch per week to fix a bug found by our tools. And I almost do not take part in online discussions.,,,,,
2016-02-08 10:28:51,2016-02-08 13:24:13,Core developer,,,,,,,
2016-02-08 13:31:07,2016-02-08 13:31:20,,Core [PROJECT NAME] software ,Regularity and duration of project involvement. With Feature enhancement and ,,,,,
2016-02-08 13:58:27,2016-02-08 13:59:06,,,,,,,,
2016-02-08 14:26:46,2016-02-08 14:34:06,Peripheral developer,,,Is the Peeple?,,,,
2016-02-08 14:36:58,2016-02-08 14:37:13,,,,,,,,
2016-02-08 14:37:17,2016-02-08 14:37:38,,,,,,,,
2016-02-08 15:10:22,2016-02-08 15:12:42,Peripheral developer,,,,,,,
2016-02-08 15:26:20,2016-02-08 15:26:27,,,Bringing some simple [SPECIFIC] into mainline,,,,,
2016-02-08 15:47:09,2016-02-08 15:51:55,Not sure,,,,,,,
2016-02-08 15:59:08,2016-02-08 16:00:24,Not sure,,about 2 years working on optimization transforms in the [SUBSYSTEM] and backend with a focus on [SPECIFIC ARCHITECTURE],,,,,
2016-02-08 16:20:46,2016-02-08 16:25:33,Core developer,I've only been working on [PROJECT NAME] for 6 months [PERSONAL INFORMATION],,,"People who make a lot of noise (lots of mailing list posts and patches) tend to be viewed as ""core"" developers quickly.  Quieter contributors can sometimes stay on the sidelines, despite greater expertise than some ""core"" contributors, and remain peripheral for some time.",It's important that roles stay fluid as people change positions and responsibilities.  I'd hate to see roles formalized for a period more than a year or two.,,
2016-02-08 16:55:05,2016-02-08 16:57:50,Not sure,,"I've been involved in [PROJECT NAME] for about 15 years, and about 11 years in the [PROJECT NAME]  graphics stack projects ([SPECIFIC PROJECTS] etc.)",No.,Being able to work alone and read a lot of code.,"Not very important on such a big project, unless you can contact them directly.",No.,
2016-02-08 17:04:36,2016-02-08 17:10:46,Peripheral developer,,I submitted a few patches to fix some warnings.,,- Communicating very well - Enthusiasm,,,
2016-02-08 17:35:36,2016-02-08 17:35:45,,,- few days per month - some patches submitted,,,,,
2016-02-08 18:05:46,2016-02-08 18:08:15,Peripheral developer,,,,,,,
2016-02-08 17:35:38,2016-02-08 18:45:04,Core developer,,5-10 CLs in a year. ,,,,,
2016-02-08 18:31:27,2016-02-08 18:40:49,Peripheral developer,,"Full time involvement for 4 years, cursory involvement for 6-9 months before that Read all the mailing list mail, provide general code review (code style, test design, etc) across the project, specific code review in a couple of areas. ",No.,That question is much too broad to be answered in the frame of a survey.,I can't see any practical relevance.,I feel somewhat at a loss.,
2016-02-08 18:43:28,2016-02-08 18:46:29,Peripheral developer,"not quite as peripheral as in your prototypical description, but certainly not core","contributed regularly for about 10 years as a driver maintainer with patches and participation on mailing lists, but basically stopped half a year ago",,,,,
2016-02-08 18:44:42,2016-02-08 18:49:29,Peripheral developer,,Participation depends on my regular workload. I have an interest in [SPECIFIC SYSTEM] and [SPECIFIC SYSTEM]. I have no responsibilities for the project.,,,,,
2016-02-08 20:23:38,2016-02-08 20:24:06,,,"I have been working on an [PROJECT NAME]-related project for approximately four years, on-and-off, but have only been contributing to [PROJECT NAME] for about one year.  So far, most of the changes have been related to the build system ([SPECIFIC]), and the [SPECIFIC] bindings (to support my primary open-source project, [OTHER PROJECT NAME] ).",,,,,
2016-02-08 21:33:02,2016-02-08 22:10:36,Peripheral developer,,,"I think that the distinction is too broad for the [PROJECT NAME] community. Contributing to the [PROJECT NAME] entails a steep learning curve. A developer has to dedicate many hours towards understanding the API, which can give the developer the appearance of a peripheral developer when he/she is really working towards a deep understanding of the [PROJECT NAME] internals.",Developers in this community are very self-driven and dedicated to their cause. They harshly criticize each others' code in order to bring about a polished end product.,"I think that monitoring which developers fulfill which roles is very important. If the kernel did not keep its hierarchy of file+subsystem maintainers, it would fall apart in an administrative sense.","I think it's well put-together, and I like that it admits it might not be perfect in its approach.",
2016-02-08 22:24:29,2016-02-08 22:26:57,Core developer,,"I work on and submit roughly 1 patch per month to the [PROJECT NAME]. I do not participate in online discussions about the [PROJECT NAME], but I try to keep up with news about development thru [SPECIFIC WEBSITE]",,,,Very bad selection of other people to judge.,
2016-02-08 23:44:13,2016-02-08 23:49:55,Peripheral developer,,,"The name peripheral drivers is misleading. At first, I thought it means hardware peripheral driver developers. Better name could be used.",Open to comments & feedbacks. Willingness to correct & learn,I am not able to understand the question,I hope my comments helps.,
2016-02-08 23:58:14,2016-02-09 00:01:53,Core developer,I am involved in sending patches to the [PROJECT BRANCH].,"I ensure I send at least one patch a month. Depending on my work load at office, I contribute to [PROJECT NAME] .",,,,,
2016-02-09 00:18:18,2016-02-09 00:25:35,Peripheral developer,,,,,,,
2016-02-08 13:11:59,2016-02-09 01:52:31,Peripheral developer,,"I am not a maintainer or regular contributor to any portion of [PROJECT NAME]. As a hobbyist who enjoys embedded hardware hacking, though, I occasionally encounter bugs in the [PROJECT NAME]. When I do, I generally do my best to fix the issue and send a patch for inclusion.  The patches I've sent so far have, on average, been reviewed by two or three people before they are included in someone's tree to be sent to [DEVELOPER NAME].",,,,,
2016-02-09 02:36:09,2016-02-09 02:36:25,,,Participation on mailing list: a few of times every few months  Driver was written while employed at a different company than my current one.  I am still involved in development discussions but do not have access to the hardware anymore.,,,,,
2016-02-09 04:11:52,2016-02-09 04:17:29,Core developer,,,,,,,
2016-02-09 04:11:45,2016-02-09 04:14:54,Core developer,[PROJECT NAME] Maintainer,"[PROJECT NAME] Maintainership for two susbsystems since 2015: patches submissions, reviews and acceptance. [PROJECT NAME] contributor since 2013  ",,,,,
2016-02-09 04:45:34,2016-02-09 04:46:40,,,,,,,,
2016-02-09 05:42:38,2016-02-09 05:57:03,Peripheral developer,,,Not really,"We follow a tree structure, from subsystem maintainer to maintainer, to [DEVELOPER NAME]. Which works like a web of trust.","Since everything works in a treeish manner, where you contact a subsystem maintainer, for certain problems. It does not really matter. Since you find the person responsible for your issue no matter what kind of developer it is.",Nope.,
2016-02-09 07:34:37,2016-02-09 07:37:10,,,"Have been involved in the development of [SPECIFIC] drivers and bugfixes. This also includes bugs in susbsystems, such as [3 SUBSYSTEM NAMES], .... If possible we send patches upstream. In many cases, possible solution have to be discussed with the susbsystem maintainers in order to get patches upstream.",,,,,
2016-02-09 07:43:42,2016-02-09 07:47:46,Peripheral developer,,,,,,,
2016-02-09 08:20:49,2016-02-09 08:29:08,Peripheral developer,,"one your of project depending on [PROJECT NAME], bug fixes, small enhancements. ",,,,,
2016-02-09 09:09:31,2016-02-09 09:09:44,,,I accepted ownership on a bus driver that was developed in my company. The module was already written before I got ownership. My role was to implement modifications an improvements and to send patches upstream.,,,,,
2016-02-09 09:59:46,2016-02-09 10:01:51,Peripheral developer,,,,,,,
2016-02-09 12:15:49,2016-02-09 12:18:22,Peripheral developer,,I sometimes contribute whenever I found a bug or a missing feature. I am not paid to do that.,,,,,
2016-02-09 13:40:25,2016-02-09 14:11:12,Peripheral developer,,"regularity and duration of project involvement       3 years participation in online discussions        few submission of patches, and        3 patch series",,,,,
2016-02-09 14:09:51,2016-02-09 14:16:31,Not sure,,"I participate in [PROJECT NAME] project which helps people from groups underrepresented in free and open source software get involved.  Duration of project involvement, i developed some [PROJECT NAME] patches with using [FILENAME] script wrote on perl language.",This is sometimes hard to put a developer in either core [PROJECT NAME] or not. This is due to many developers working in core to make their drivers for their employers work better.,Ability to work independently and well in groups of technical  people. Also needs strong programming skills depending on the project.,It's important due to projects needing to be aware of their skill sets that are currently in demand and not currently in the project's skill set.,None,
2016-02-09 14:48:43,2016-02-09 14:51:59,Peripheral developer,,Been doing this for the late few months in fixing up bug fixes for the [PROJECT NAME].,,,,,
2016-02-09 15:16:35,2016-02-09 15:17:18,,,Every trimester Submission of patches (between 10 to 70),,,,,
2016-02-10 02:08:22,2016-02-10 02:09:20,Peripheral developer,,,,,,,
2016-02-10 05:13:01,2016-02-10 05:13:53,,,,,,,,
2016-02-10 05:40:45,2016-02-10 05:49:31,Peripheral developer,,,,I don't know.,"It is very important, but very hard to do it right as well.",,
2016-02-10 09:56:00,2016-02-10 09:56:58,,,"I've been working on [PROJECT NAME] for about 7 months, mosntly submitting patches that improve functionality related to my employer's business.",,,,,
2016-02-10 11:27:21,2016-02-10 11:28:21,,,,,,,,
2016-02-10 13:25:48,2016-02-10 13:26:20,,,,,,,,
2016-02-10 22:15:08,2016-02-10 22:17:40,Core developer,,,,,,,
2016-02-10 23:40:30,2016-02-11 00:05:05,Peripheral developer,contribute media to and [PROJECT NAME] code,daily work in git that gets rolled in via deps roll weekly,I think my role is neither core nor peripheral developers. I just test [PROJECT NAME] and report problems. It might be nice if there is tester/reviewer roles.,,,,
2016-02-11 00:37:20,2016-02-11 00:37:53,,,"My involvement on this problem started as [REVISION] in September 2013. I'm involved in this problem as volunteer basis. No co-workers in the company I'm working for are involved. Therefore, discussions are made only online ML. I'm submitting many patches for workarounding this problem in order to rescue existing [PROJECT NAME] users, but hardly accepted because MM people are not interested in rescuing existing [PROJECT NAME] users. ",,,,,
2016-02-11 02:21:57,2016-02-11 02:25:51,Peripheral developer,,,,,,,
2016-02-11 04:26:36,2016-02-11 04:39:50,Core developer,,Adhoc paritipation to align company internal software source base with upstream project.,,,,,
2016-02-11 19:27:44,2016-02-11 19:28:07,,,"full-time, involved for the surveyed period; mailinglists, irc - comments, reviews, advice; sending own patches, preparing branches for pull requests; one of the maintainers;",,,,,
2016-02-12 08:12:49,2016-02-12 08:13:39,,,,,,,,
2016-02-12 09:50:39,2016-02-12 09:56:55,Peripheral developer,,,,,"A lack of core developers can be a serious problem for a project, so it's useful to identify.",,
2016-02-12 15:33:19,2016-02-12 17:12:08,Core developer,Using [PROJECT NAME] as a library.,"Consistent and long-term involvement, but limited communication and contribution.",6,There are a lot of core developers on large projects that don't participate in high-level overall project direction discussions.,,"I think this is misleading.  I believe I'm a core developer.  I own a subsystem.  I make improvements to it.  Yet, most things I do are minor and can mostly be considered bug fixes to the subsystem.",
2016-02-13 21:21:46,2016-02-13 21:22:05,,,I work on open source projects as a large part of my job.  I have been involved for several years and submit patches regularly.  I own one or two subsystems.  I generally do not participate in online discussions of the project as a whole,,,,,
2016-02-14 03:30:25,2016-02-14 03:31:10,,,,,,,,
2016-02-14 03:35:40,2016-02-14 07:01:32,Peripheral developer,,,[DEVELOPER NAME] as core maintainer of [SUBSYSTEM NAME] API missing,,It is important to know who is core developer and who has which area of expertise ,,
2016-02-14 06:20:03,2016-02-14 06:30:02,Peripheral developer,,"3years, regulär involvement ",,,Sounds interesting!,"I hope that you properly weight answers, or letting partecipate devs that just do minor contributions once in a while (as I did) could mine the quality of results. But I'm sure you do.",
2016-02-15 03:00:18,2016-02-15 03:15:58,Peripheral developer,,Honestly I just did a minor fix I happened to need and I'm not sure I qualify for your analysis,Not specifically.,Being highly interested in technology and problem solving along with an active ,It is important to monitor the developers since some of them later should fill the roles of being core developers and leaders and need to be chosen correctly.,Not specifically.,
2016-02-15 08:13:29,2016-02-15 09:14:21,Core developer,"Mostly working on drivers for peripherals like ADC, DAC, touchscreen, USB…",My responsibilities mostly include doing enhancements or fixes for drivers and sometimes writing new drivers for peripherals.,,,,,
2016-02-15 09:57:32,2016-02-15 10:01:39,,,- Involved for nearly 10 years - Maintaining a subsystem,,,,,
2016-02-15 15:20:43,2016-02-15 15:28:20,Peripheral developer,,,"Yes, don't do it.",Every developer is different and contributes in her or his unique way.  Classification is largely irrelevant.,"Other than ego-stroking, I can't see any practical use for this whatsoever.  I'd recommend you stop.",It seems rather pointless to me.,
2016-02-15 16:11:10,2016-02-15 16:29:16,Core developer,Formerly a core developer for the [SPECIFIC HARDWARE],"For much of 2015, I was team leader for [PROJECT NAME1] development in [COMPANY NAME] [PROJECT NAME2] group.  However, towards the end of 2015 I began transitioning away from [PROJECT NAME1]  work and back to  [PROJECT NAME3] development.  I submitted many patches and participated in online discussions, but primarily limited to the [SYSTEM NAME] back end.  I worked on [PROJECT NAME1] off and on from 2012 through 2015 in this capacity.",,"People are noticed for what they accomplish, and that defines their roles.","The situation tends to be somewhat fluid, and is mostly of benefit to those who will notice anyway.","The ""peripheral"" category is ill-defined.",
2016-02-15 17:16:12,2016-02-15 17:20:43,Core developer,Major contributor and committer,"Started using in 2004, submitted first significant patch in 2006, was added to contributor list in 2008, was named as a major contributor in 2010, was authorized as committer in 2012, have contributed several major features, attend worldwide developer meetings (of about 20 key developers), occasionally present at conferences, fairly active on community discussion lists, and have served as CommitFest Manager.",,,,,
2016-02-15 20:27:47,2016-02-16 03:28:00,Peripheral developer,,"I've regularly contributed to [PROJECT NAME] for about 9 years. I triage bugzilla issues, as well as regularly contribute patches in various areas of the project. I administer Google Summer of Code, and maintain [PROJECT NAME2]  (a sister project).",,,,,
2016-02-16 18:50:47,2016-02-16 19:01:18,Core developer,,"My work is mainly to develop the peripheral driver and push the driver code to [PROJECT NAME] mainline, also fix some errors.",,"open minded, eager to collaborate and participate in online discussions, wide technical capabilities and deep knowledge on the open source synergies. ","I don't think it too important, sincerely. ",,
2016-02-17 07:28:18,2016-02-17 07:28:37,Peripheral developer,,"I've been working on my current project for more than 2 years. My participation in online discussion is limited to the technical aspects of my project. I submit patches on regular basis and I'm responsible of the implementation of a new CSS specification, implementing parsing and layout logic in  [PROJECT NAME]  core modules. ",,,,,
2016-02-17 07:44:34,2016-02-17 07:44:57,,,,,,,,
2016-02-17 08:05:24,2016-02-17 08:06:08,,,,,,,,
2016-02-17 07:56:24,2016-02-17 08:52:17,Peripheral developer,,,,,,,
2016-02-17 08:32:54,2016-02-17 08:33:14,,,I provide single patches to support a specific configuration.,,,,,
2016-02-17 08:39:18,2016-02-17 08:39:23,,,,,,,,
2016-02-17 10:17:30,2016-02-17 10:19:32,Peripheral developer,,,,,,,
2016-02-17 10:51:39,2016-02-17 10:52:04,,,"I'm working on [PROJECT NAME1], i did a one fix into [PROJECT NAME2] related to a bug that appears in our CI due to stress environment  (high load).",,,,,
2016-02-17 13:48:02,2016-02-17 13:56:59,Peripheral developer,,,,,,,
2016-02-17 15:15:23,2016-02-17 15:16:40,Not sure,,"Sporadic involvement triggered by external needs No discussions Patches to fix bugs, minor enhancements Responsibility only for own patches",,,,,
2016-02-17 15:31:56,2016-02-17 15:32:19,,,,,,,,
2016-02-17 15:32:23,2016-02-17 15:32:30,,,,,,,,
2016-02-17 16:09:04,2016-02-17 16:15:48,Core developer,,,,Ability to communicate and lots of patience to handle feedback and conciliate conflicting opinions and conflicting goals from different community members.,"It is very important. [TOOL NAME] is a very important tool for project contributors, for example.  Identifying more easily which people are involved in which area (in a way better than [TOOL NAME] semantics when the source file is not mentioned in the MAINTAINERS file) would be very useful. A tool to help on that would need to be open source and usable from the command-line, though.",,
2016-02-17 12:22:53,2016-02-17 17:02:26,Core developer,,"Full-time employee of [ORGANIZATION NAME], main job involves writing and reviewing [PROJECT NAME] code.  Maintainer of [SPECIFIC SYSTEM] and core machine code.","The boundaries are fuzzy and can change over time - sometimes I'm a core developer on [SUBSYSTEM NAME], while at the present I'm only a peripheral developer, because my focus is currently on [PROJECT NAME].  Having commit rights does not necessarily make someone a core developer.","One big task for a core developer is the ability to encourage others to speak up and contribute, even if they only plan on being peripheral contributors, to make it a community effort rather than an elitist showcase.",Different developers have different strengths on whether they are able to effectively mentor, trying to pick out a developer's strength rather than treating everyone the same is beneficial for the project.,
2016-02-17 19:23:11,2016-02-17 19:23:17,,,"Although I do not have commit rights, I have regularly reviewed a large variety of patches and am currently involved in a submission of a rather large series of cleanup patches that enable new functionality.",,,,,
2016-02-17 20:20:10,2016-02-17 20:20:23,,,,,,,,
2016-02-18 04:26:44,2016-02-18 04:35:23,Peripheral developer,,,,,"I think this becomes clear over time while working on the project for anyone that is involved.  So there is not much need for that side. Maybe for thrid parties this could be interesting, when looking for people for hire or so. In larger projects these roles are predifined many times and can be understood also from the commit history and statistics.","I did not know any of the developers listed in previous questions, and I was in there myself (so I was asked to rate myself, not sure if that is intended). ",
2016-02-19 19:24:45,2016-02-19 19:36:11,Peripheral developer,,"I participate in online discussions mailnly related to my own contributions.  I have reported and fixed a few bugs in a submodule that I know well.  I have made a few deeper contributions to this submodule, including adding a new datatype.  I dont have project responsabilities, but work mainly on one submodule ([SUBMODULE NAME])",,,,,
,,,,"- One-time contribution: I presented a bug to the mailing list and subsequently developed a patch to fix it. - I participated in the discussion about that bug. - I submitted three of four revisions of one patch, addressing the concerns raised by one of the core devs. The last revision was accepted. - I have no lasting responsibility",,,,,
